Modelo,Tamaño (píxeles),epoch,time,train/box_loss,train/cls_loss,train/dfl_loss,metrics/precision(B),metrics/recall(B),metrics/mAP50(B),metrics/mAP50-95(B),val/box_loss,val/cls_loss,val/dfl_loss,lr/pg0,lr/pg1,lr/pg2,Velocidad CPU ONNX (ms),Velocidad T4 TensorRT (ms),Parámetros (M),FLOPs (B)
YOLO11n,640,50.0,883.183,0.51573,0.45963,1.09464,0.9237,0.93555,0.96995,0.91132,0.48951,0.41305,0.89411,1.75224e-05,1.75224e-05,1.75224e-05,22.33635187149048,,2.584687,6393562400
YOLO12n,640,50.0,1127.04,0.51129,0.43628,1.0939,0.91198,0.95641,0.96774,0.91137,0.47812,0.38077,0.88336,1.75224e-05,1.75224e-05,1.75224e-05,25.344526767730713,,2.559263,6409127200
YOLO11s,640,50.0,1103.55,0.50343,0.39276,1.07776,0.91603,0.92962,0.96505,0.9083,0.46924,0.34404,0.87531,1.75224e-05,1.75224e-05,1.75224e-05,52.62967348098755,,9.417831,21457421600
YOLO12s,640,50.0,1441.98,0.51612,0.38781,1.11219,0.93749,0.92305,0.9678,0.9096,0.4873,0.35821,0.90756,1.75224e-05,1.75224e-05,1.75224e-05,63.152515888214104,,9.235911,21383693600
